mode,coeff
0,1.3185223804715362
1,3.460085956728704
2,2.8806009805544757
3,0.8943489402886594
4,1.0953766211607543
5,1.018548120765397
6,0.6702198204626669
