mode,coeff
0,17.62639820170009
1,-32.25138311160568
2,32.08544081666421
3,-21.25435028760934
4,9.361475163283558
5,-2.2592738183690266
