mode,coeff
0,-0.5542835877475171
1,3.235301100797095
2,-0.7283405152814774
