model,rmse_train,rmse_test,mae_train,mae_test
MOST,1.1573919486456965,1.0761533626117377,1.010655449240816,0.8497874768087472
MOST+ULTRA,0.5682006589826352,0.6376367216687656,0.4353650677484672,0.4583823090416298
