model,rmse_train,rmse_test,mae_train,mae_test
MOST,0.7990950287472002,0.8342888174337197,0.711558990943901,0.691248554752688
MOST+ULTRA,0.6894246752100931,0.6769012227541137,0.6231057912203846,0.5778941664121572
