mode,coeff_estimate,coeff_true
0,-1.0404372673195514,0.0
1,-7.22625088659016,0.1
2,-5.220756746677391,-0.06
3,-1.809620208708425,0.035
4,-1.67863956281399,-0.02
5,-2.1206235480975173,
6,-1.0714267811057017,
