metric,value
n_profiles,96.0
n_stable,28.0
stable_fraction,0.2916666666666667
mean_c2,0.046204075814219044
mean_c3,0.030578037523011758
mean_shape_ratio,0.6399855349939658
median_ustar,NaN
