metric,value
n_profiles,48.0
n_stable,31.0
stable_fraction,0.6458333333333334
mean_c2,2.025750904825843
mean_c3,-2.0249702115663717
mean_shape_ratio,653.0198477525373
median_ustar,NaN
