mode,coeff
0,0.10570645588813
1,-1.2407165728613991
2,1.2997015266675818
