metric,value
n_profiles,48.0
n_stable,25.0
stable_fraction,0.5208333333333334
mean_c2,43.3159040843427
mean_c3,651.9228206197348
mean_shape_ratio,348.04034881698504
median_ustar,NaN
