mode,coeff
0,-0.0006136247443107186
1,-1.0910241842165915
2,0.9611968263212991
